{
  "project_info": {
    "project_number": "1044832020950",
    "firebase_url": "https://projpdm-1b85d-default-rtdb.europe-west1.firebasedatabase.app",
    "project_id": "projpdm-1b85d",
    "storage_bucket": "projpdm-1b85d.firebasestorage.app"
  },
  "client": [
    {
      "client_info": {
        "mobilesdk_app_id": "1:1044832020950:android:72940882a5273120ce1c77",
        "android_client_info": {
          "package_name": "com.example.aquecer"
        }
      },
      "oauth_client": [],
      "api_key": [
        {
          "current_key": "AIzaSyBp6vXKNkqFA_V3nJECoryDcV7qLy26MNY"
        }
      ],
      "services": {
        "appinvite_service": {
          "other_platform_oauth_client": []
        }
      }
    }
  ],
  "configuration_version": "1"
}